[{"pk": 1, "model": "contenttypes.contenttype", "fields": {"model": "logentry", "name": "log entry", "app_label": "admin"}}, {"pk": 2, "model": "contenttypes.contenttype", "fields": {"model": "permission", "name": "permission", "app_label": "auth"}}, {"pk": 3, "model": "contenttypes.contenttype", "fields": {"model": "group", "name": "group", "app_label": "auth"}}, {"pk": 4, "model": "contenttypes.contenttype", "fields": {"model": "user", "name": "user", "app_label": "auth"}}, {"pk": 5, "model": "contenttypes.contenttype", "fields": {"model": "contenttype", "name": "content type", "app_label": "contenttypes"}}, {"pk": 6, "model": "contenttypes.contenttype", "fields": {"model": "session", "name": "session", "app_label": "sessions"}}, {"pk": 7, "model": "contenttypes.contenttype", "fields": {"model": "client", "name": "client", "app_label": "Client"}}, {"pk": 8, "model": "contenttypes.contenttype", "fields": {"model": "sales_prospect", "name": "sales_ prospect", "app_label": "Client"}}, {"pk": 9, "model": "contenttypes.contenttype", "fields": {"model": "city", "name": "city", "app_label": "Common"}}, {"pk": 10, "model": "contenttypes.contenttype", "fields": {"model": "state", "name": "state", "app_label": "Common"}}, {"pk": 11, "model": "contenttypes.contenttype", "fields": {"model": "address", "name": "address", "app_label": "Common"}}, {"pk": 12, "model": "contenttypes.contenttype", "fields": {"model": "contact", "name": "contact", "app_label": "Common"}}, {"pk": 13, "model": "contenttypes.contenttype", "fields": {"model": "call_list", "name": "call_ list", "app_label": "Common"}}, {"pk": 14, "model": "contenttypes.contenttype", "fields": {"model": "genre", "name": "genre", "app_label": "Common"}}, {"pk": 15, "model": "contenttypes.contenttype", "fields": {"model": "billing", "name": "billing", "app_label": "Common"}}, {"pk": 16, "model": "contenttypes.contenttype", "fields": {"model": "installer", "name": "installer", "app_label": "Common"}}, {"pk": 17, "model": "contenttypes.contenttype", "fields": {"model": "card", "name": "card", "app_label": "Common"}}, {"pk": 18, "model": "contenttypes.contenttype", "fields": {"model": "title", "name": "title", "app_label": "Employee"}}, {"pk": 19, "model": "contenttypes.contenttype", "fields": {"model": "employee", "name": "employee", "app_label": "Employee"}}, {"pk": 20, "model": "contenttypes.contenttype", "fields": {"model": "device", "name": "device", "app_label": "Equipment"}}, {"pk": 21, "model": "contenttypes.contenttype", "fields": {"model": "panel", "name": "panel", "app_label": "Equipment"}}, {"pk": 22, "model": "contenttypes.contenttype", "fields": {"model": "part", "name": "part", "app_label": "Equipment"}}, {"pk": 23, "model": "contenttypes.contenttype", "fields": {"model": "camera", "name": "camera", "app_label": "Equipment"}}, {"pk": 24, "model": "contenttypes.contenttype", "fields": {"model": "site", "name": "site", "app_label": "Site"}}, {"pk": 25, "model": "contenttypes.contenttype", "fields": {"model": "system", "name": "system", "app_label": "Site"}}, {"pk": 26, "model": "contenttypes.contenttype", "fields": {"model": "network", "name": "network", "app_label": "Site"}}, {"pk": 27, "model": "contenttypes.contenttype", "fields": {"model": "zone", "name": "zone", "app_label": "Site"}}, {"pk": 28, "model": "contenttypes.contenttype", "fields": {"model": "monitoring", "name": "monitoring", "app_label": "Site"}}, {"pk": 29, "model": "contenttypes.contenttype", "fields": {"model": "manufacturer", "name": "manufacturer", "app_label": "Vendor"}}, {"pk": 30, "model": "contenttypes.contenttype", "fields": {"model": "supplier", "name": "supplier", "app_label": "Vendor"}}, {"pk": 31, "model": "contenttypes.contenttype", "fields": {"model": "supplier_list", "name": "supplier_ list", "app_label": "Vendor"}}, {"pk": 32, "model": "contenttypes.contenttype", "fields": {"model": "job", "name": "job", "app_label": "Work"}}, {"pk": 33, "model": "contenttypes.contenttype", "fields": {"model": "task", "name": "task", "app_label": "Work"}}, {"pk": 34, "model": "contenttypes.contenttype", "fields": {"model": "ticket", "name": "ticket", "app_label": "Work"}}, {"pk": 35, "model": "contenttypes.contenttype", "fields": {"model": "wage", "name": "wage", "app_label": "Work"}}, {"pk": 36, "model": "contenttypes.contenttype", "fields": {"model": "migrationhistory", "name": "migration history", "app_label": "south"}}, {"pk": 1, "model": "Common.address", "fields": {"city": "Glasco", "state": "New York", "street": "33 Glasco Turnpike", "unit": "Apt 2", "zip_code": "12432"}}, {"pk": 1, "model": "Common.contact", "fields": {"website": "", "office_phone_extension": "", "office_phone": "", "phone_extension": "", "cell": "8455329911", "phone": "8455329911", "work_email": "j@j.com", "email": "j@j.com"}}, {"pk": 1, "model": "Employee.title", "fields": {"title": "S"}}, {"pk": 2, "model": "Employee.title", "fields": {"title": "T"}}, {"pk": 3, "model": "Employee.title", "fields": {"title": "O"}}, {"pk": 4, "model": "Employee.title", "fields": {"title": "M"}}, {"pk": 5, "model": "Employee.title", "fields": {"title": "C"}}, {"pk": 6, "model": "Employee.title", "fields": {"title": "I"}}, {"pk": 1, "model": "Employee.employee", "fields": {"emp_contact": 1, "pay_type": "HR", "first_name": "John", "last_name": "Stevenson", "termination_reason": null, "emp_number": 1234, "emp_title": [1, 2, 3], "pay_rate": "12.00", "hire_date": "2014-01-15", "termination_date": null, "emp_address": 1, "is_terminated": false}}, {"pk": 1, "model": "auth.permission", "fields": {"codename": "add_logentry", "name": "Can add log entry", "content_type": 1}}, {"pk": 2, "model": "auth.permission", "fields": {"codename": "change_logentry", "name": "Can change log entry", "content_type": 1}}, {"pk": 3, "model": "auth.permission", "fields": {"codename": "delete_logentry", "name": "Can delete log entry", "content_type": 1}}, {"pk": 4, "model": "auth.permission", "fields": {"codename": "add_permission", "name": "Can add permission", "content_type": 2}}, {"pk": 5, "model": "auth.permission", "fields": {"codename": "change_permission", "name": "Can change permission", "content_type": 2}}, {"pk": 6, "model": "auth.permission", "fields": {"codename": "delete_permission", "name": "Can delete permission", "content_type": 2}}, {"pk": 7, "model": "auth.permission", "fields": {"codename": "add_group", "name": "Can add group", "content_type": 3}}, {"pk": 8, "model": "auth.permission", "fields": {"codename": "change_group", "name": "Can change group", "content_type": 3}}, {"pk": 9, "model": "auth.permission", "fields": {"codename": "delete_group", "name": "Can delete group", "content_type": 3}}, {"pk": 10, "model": "auth.permission", "fields": {"codename": "add_user", "name": "Can add user", "content_type": 4}}, {"pk": 11, "model": "auth.permission", "fields": {"codename": "change_user", "name": "Can change user", "content_type": 4}}, {"pk": 12, "model": "auth.permission", "fields": {"codename": "delete_user", "name": "Can delete user", "content_type": 4}}, {"pk": 13, "model": "auth.permission", "fields": {"codename": "add_contenttype", "name": "Can add content type", "content_type": 5}}, {"pk": 14, "model": "auth.permission", "fields": {"codename": "change_contenttype", "name": "Can change content type", "content_type": 5}}, {"pk": 15, "model": "auth.permission", "fields": {"codename": "delete_contenttype", "name": "Can delete content type", "content_type": 5}}, {"pk": 16, "model": "auth.permission", "fields": {"codename": "add_session", "name": "Can add session", "content_type": 6}}, {"pk": 17, "model": "auth.permission", "fields": {"codename": "change_session", "name": "Can change session", "content_type": 6}}, {"pk": 18, "model": "auth.permission", "fields": {"codename": "delete_session", "name": "Can delete session", "content_type": 6}}, {"pk": 19, "model": "auth.permission", "fields": {"codename": "add_client", "name": "Can add client", "content_type": 7}}, {"pk": 20, "model": "auth.permission", "fields": {"codename": "change_client", "name": "Can change client", "content_type": 7}}, {"pk": 21, "model": "auth.permission", "fields": {"codename": "delete_client", "name": "Can delete client", "content_type": 7}}, {"pk": 22, "model": "auth.permission", "fields": {"codename": "add_sales_prospect", "name": "Can add sales_ prospect", "content_type": 8}}, {"pk": 23, "model": "auth.permission", "fields": {"codename": "change_sales_prospect", "name": "Can change sales_ prospect", "content_type": 8}}, {"pk": 24, "model": "auth.permission", "fields": {"codename": "delete_sales_prospect", "name": "Can delete sales_ prospect", "content_type": 8}}, {"pk": 25, "model": "auth.permission", "fields": {"codename": "add_city", "name": "Can add city", "content_type": 9}}, {"pk": 26, "model": "auth.permission", "fields": {"codename": "change_city", "name": "Can change city", "content_type": 9}}, {"pk": 27, "model": "auth.permission", "fields": {"codename": "delete_city", "name": "Can delete city", "content_type": 9}}, {"pk": 28, "model": "auth.permission", "fields": {"codename": "add_state", "name": "Can add state", "content_type": 10}}, {"pk": 29, "model": "auth.permission", "fields": {"codename": "change_state", "name": "Can change state", "content_type": 10}}, {"pk": 30, "model": "auth.permission", "fields": {"codename": "delete_state", "name": "Can delete state", "content_type": 10}}, {"pk": 31, "model": "auth.permission", "fields": {"codename": "add_address", "name": "Can add address", "content_type": 11}}, {"pk": 32, "model": "auth.permission", "fields": {"codename": "change_address", "name": "Can change address", "content_type": 11}}, {"pk": 33, "model": "auth.permission", "fields": {"codename": "delete_address", "name": "Can delete address", "content_type": 11}}, {"pk": 34, "model": "auth.permission", "fields": {"codename": "add_contact", "name": "Can add contact", "content_type": 12}}, {"pk": 35, "model": "auth.permission", "fields": {"codename": "change_contact", "name": "Can change contact", "content_type": 12}}, {"pk": 36, "model": "auth.permission", "fields": {"codename": "delete_contact", "name": "Can delete contact", "content_type": 12}}, {"pk": 37, "model": "auth.permission", "fields": {"codename": "add_call_list", "name": "Can add call_ list", "content_type": 13}}, {"pk": 38, "model": "auth.permission", "fields": {"codename": "change_call_list", "name": "Can change call_ list", "content_type": 13}}, {"pk": 39, "model": "auth.permission", "fields": {"codename": "delete_call_list", "name": "Can delete call_ list", "content_type": 13}}, {"pk": 40, "model": "auth.permission", "fields": {"codename": "add_genre", "name": "Can add genre", "content_type": 14}}, {"pk": 41, "model": "auth.permission", "fields": {"codename": "change_genre", "name": "Can change genre", "content_type": 14}}, {"pk": 42, "model": "auth.permission", "fields": {"codename": "delete_genre", "name": "Can delete genre", "content_type": 14}}, {"pk": 43, "model": "auth.permission", "fields": {"codename": "add_billing", "name": "Can add billing", "content_type": 15}}, {"pk": 44, "model": "auth.permission", "fields": {"codename": "change_billing", "name": "Can change billing", "content_type": 15}}, {"pk": 45, "model": "auth.permission", "fields": {"codename": "delete_billing", "name": "Can delete billing", "content_type": 15}}, {"pk": 46, "model": "auth.permission", "fields": {"codename": "add_installer", "name": "Can add installer", "content_type": 16}}, {"pk": 47, "model": "auth.permission", "fields": {"codename": "change_installer", "name": "Can change installer", "content_type": 16}}, {"pk": 48, "model": "auth.permission", "fields": {"codename": "delete_installer", "name": "Can delete installer", "content_type": 16}}, {"pk": 49, "model": "auth.permission", "fields": {"codename": "add_card", "name": "Can add card", "content_type": 17}}, {"pk": 50, "model": "auth.permission", "fields": {"codename": "change_card", "name": "Can change card", "content_type": 17}}, {"pk": 51, "model": "auth.permission", "fields": {"codename": "delete_card", "name": "Can delete card", "content_type": 17}}, {"pk": 52, "model": "auth.permission", "fields": {"codename": "add_title", "name": "Can add title", "content_type": 18}}, {"pk": 53, "model": "auth.permission", "fields": {"codename": "change_title", "name": "Can change title", "content_type": 18}}, {"pk": 54, "model": "auth.permission", "fields": {"codename": "delete_title", "name": "Can delete title", "content_type": 18}}, {"pk": 55, "model": "auth.permission", "fields": {"codename": "add_employee", "name": "Can add employee", "content_type": 19}}, {"pk": 56, "model": "auth.permission", "fields": {"codename": "change_employee", "name": "Can change employee", "content_type": 19}}, {"pk": 57, "model": "auth.permission", "fields": {"codename": "delete_employee", "name": "Can delete employee", "content_type": 19}}, {"pk": 58, "model": "auth.permission", "fields": {"codename": "add_device", "name": "Can add device", "content_type": 20}}, {"pk": 59, "model": "auth.permission", "fields": {"codename": "change_device", "name": "Can change device", "content_type": 20}}, {"pk": 60, "model": "auth.permission", "fields": {"codename": "delete_device", "name": "Can delete device", "content_type": 20}}, {"pk": 61, "model": "auth.permission", "fields": {"codename": "add_panel", "name": "Can add panel", "content_type": 21}}, {"pk": 62, "model": "auth.permission", "fields": {"codename": "change_panel", "name": "Can change panel", "content_type": 21}}, {"pk": 63, "model": "auth.permission", "fields": {"codename": "delete_panel", "name": "Can delete panel", "content_type": 21}}, {"pk": 64, "model": "auth.permission", "fields": {"codename": "add_part", "name": "Can add part", "content_type": 22}}, {"pk": 65, "model": "auth.permission", "fields": {"codename": "change_part", "name": "Can change part", "content_type": 22}}, {"pk": 66, "model": "auth.permission", "fields": {"codename": "delete_part", "name": "Can delete part", "content_type": 22}}, {"pk": 67, "model": "auth.permission", "fields": {"codename": "add_camera", "name": "Can add camera", "content_type": 23}}, {"pk": 68, "model": "auth.permission", "fields": {"codename": "change_camera", "name": "Can change camera", "content_type": 23}}, {"pk": 69, "model": "auth.permission", "fields": {"codename": "delete_camera", "name": "Can delete camera", "content_type": 23}}, {"pk": 70, "model": "auth.permission", "fields": {"codename": "add_site", "name": "Can add site", "content_type": 24}}, {"pk": 71, "model": "auth.permission", "fields": {"codename": "change_site", "name": "Can change site", "content_type": 24}}, {"pk": 72, "model": "auth.permission", "fields": {"codename": "delete_site", "name": "Can delete site", "content_type": 24}}, {"pk": 73, "model": "auth.permission", "fields": {"codename": "add_system", "name": "Can add system", "content_type": 25}}, {"pk": 74, "model": "auth.permission", "fields": {"codename": "change_system", "name": "Can change system", "content_type": 25}}, {"pk": 75, "model": "auth.permission", "fields": {"codename": "delete_system", "name": "Can delete system", "content_type": 25}}, {"pk": 76, "model": "auth.permission", "fields": {"codename": "add_network", "name": "Can add network", "content_type": 26}}, {"pk": 77, "model": "auth.permission", "fields": {"codename": "change_network", "name": "Can change network", "content_type": 26}}, {"pk": 78, "model": "auth.permission", "fields": {"codename": "delete_network", "name": "Can delete network", "content_type": 26}}, {"pk": 79, "model": "auth.permission", "fields": {"codename": "add_zone", "name": "Can add zone", "content_type": 27}}, {"pk": 80, "model": "auth.permission", "fields": {"codename": "change_zone", "name": "Can change zone", "content_type": 27}}, {"pk": 81, "model": "auth.permission", "fields": {"codename": "delete_zone", "name": "Can delete zone", "content_type": 27}}, {"pk": 82, "model": "auth.permission", "fields": {"codename": "add_monitoring", "name": "Can add monitoring", "content_type": 28}}, {"pk": 83, "model": "auth.permission", "fields": {"codename": "change_monitoring", "name": "Can change monitoring", "content_type": 28}}, {"pk": 84, "model": "auth.permission", "fields": {"codename": "delete_monitoring", "name": "Can delete monitoring", "content_type": 28}}, {"pk": 85, "model": "auth.permission", "fields": {"codename": "add_manufacturer", "name": "Can add manufacturer", "content_type": 29}}, {"pk": 86, "model": "auth.permission", "fields": {"codename": "change_manufacturer", "name": "Can change manufacturer", "content_type": 29}}, {"pk": 87, "model": "auth.permission", "fields": {"codename": "delete_manufacturer", "name": "Can delete manufacturer", "content_type": 29}}, {"pk": 88, "model": "auth.permission", "fields": {"codename": "add_supplier", "name": "Can add supplier", "content_type": 30}}, {"pk": 89, "model": "auth.permission", "fields": {"codename": "change_supplier", "name": "Can change supplier", "content_type": 30}}, {"pk": 90, "model": "auth.permission", "fields": {"codename": "delete_supplier", "name": "Can delete supplier", "content_type": 30}}, {"pk": 91, "model": "auth.permission", "fields": {"codename": "add_supplier_list", "name": "Can add supplier_ list", "content_type": 31}}, {"pk": 92, "model": "auth.permission", "fields": {"codename": "change_supplier_list", "name": "Can change supplier_ list", "content_type": 31}}, {"pk": 93, "model": "auth.permission", "fields": {"codename": "delete_supplier_list", "name": "Can delete supplier_ list", "content_type": 31}}, {"pk": 94, "model": "auth.permission", "fields": {"codename": "add_job", "name": "Can add job", "content_type": 32}}, {"pk": 95, "model": "auth.permission", "fields": {"codename": "change_job", "name": "Can change job", "content_type": 32}}, {"pk": 96, "model": "auth.permission", "fields": {"codename": "delete_job", "name": "Can delete job", "content_type": 32}}, {"pk": 97, "model": "auth.permission", "fields": {"codename": "add_task", "name": "Can add task", "content_type": 33}}, {"pk": 98, "model": "auth.permission", "fields": {"codename": "change_task", "name": "Can change task", "content_type": 33}}, {"pk": 99, "model": "auth.permission", "fields": {"codename": "delete_task", "name": "Can delete task", "content_type": 33}}, {"pk": 100, "model": "auth.permission", "fields": {"codename": "add_ticket", "name": "Can add ticket", "content_type": 34}}, {"pk": 101, "model": "auth.permission", "fields": {"codename": "change_ticket", "name": "Can change ticket", "content_type": 34}}, {"pk": 102, "model": "auth.permission", "fields": {"codename": "delete_ticket", "name": "Can delete ticket", "content_type": 34}}, {"pk": 103, "model": "auth.permission", "fields": {"codename": "add_wage", "name": "Can add wage", "content_type": 35}}, {"pk": 104, "model": "auth.permission", "fields": {"codename": "change_wage", "name": "Can change wage", "content_type": 35}}, {"pk": 105, "model": "auth.permission", "fields": {"codename": "delete_wage", "name": "Can delete wage", "content_type": 35}}, {"pk": 106, "model": "auth.permission", "fields": {"codename": "add_migrationhistory", "name": "Can add migration history", "content_type": 36}}, {"pk": 107, "model": "auth.permission", "fields": {"codename": "change_migrationhistory", "name": "Can change migration history", "content_type": 36}}, {"pk": 108, "model": "auth.permission", "fields": {"codename": "delete_migrationhistory", "name": "Can delete migration history", "content_type": 36}}, {"pk": 1, "model": "auth.user", "fields": {"username": "taiowawaner", "first_name": "", "last_name": "", "is_active": true, "is_superuser": true, "is_staff": true, "last_login": "2014-01-16T01:14:58Z", "groups": [], "user_permissions": [], "password": "pbkdf2_sha256$12000$BGjb1PPBjrEa$Q7sW5oNTDRLg1MZyUZvashu785TOXuotqOQxO2Ym1uI=", "email": "twaner@lssasap.com", "date_joined": "2014-01-16T01:14:58Z"}}]